WGR614v10,3,NETGEAR. Inc.,2015/3/11
RT-N66U,3,ASUSTeK Computer Inc.,2015/3/11
TL-WR1043ND,3,TP-LINK,2015/3/11
E2000,3,LINKSYS,2015/3/11
HG532d,3,Huawei Technologies Co.. Ltd.,2015/3/11
R6200,3,NETGEAR,2015/3/11
TL-WDR4300,3,TP-LINK,2015/3/11
WNR2000v3,3,NETGEAR. Inc.,2015/3/11
WNDR3400v2,3,NETGEAR. Inc.,2015/3/11
DIR-655,3,D-Link Systems,2015/3/11
DIR-600,3,D-Link,2015/3/11
WGR614v9,3,NETGEAR,2015/3/11
RT-AC68R,3,ASUSTek,2015/3/11
DIR-815,3,D-Link,2015/3/11
E3000,3,LINKSYS,2015/3/11
WNR1000v3,3,NETGEAR,2015/3/11
EA2700,3,LINKSYS,2015/3/11
E2500,3,LINKSYS,2015/3/11
R7000,3,NETGEAR,2015/3/11
DIR-615,3,D-Link,2015/3/11
WNDR4300,3,NETGEAR. Inc.,2015/3/11
WNDR3800,3,NETGEAR. Inc.,2015/3/11
R6300,3,NETGEAR,2015/3/11
DIR-632,3,D-Link,2015/3/11
DIR-605L,3,D-Link Systems,2015/3/11
F@ST1704N,3,Sagem,2015/3/11
DSL-2730U,3,D-Link,2015/3/11
SR505N,3,SmartRG,2015/3/11
RT-AC68U,3,ASUSTeK Computer Inc.,2015/3/11
WNDR3400v3,3,NETGEAR. Inc.,2015/3/11
DIR-601,3,D-Link,2015/3/11
DPC3825,3,Cisco,2015/3/11
DIR-826L,3,D-Link Corporation,2015/3/11
WRT54GR,3,LINKSYS,2015/3/11
TL-WR841HP,3,TP-LINK,2015/3/11
E3200,3,LINKSYS,2015/3/11
WBR-1310,3,D-LINK,2015/3/11
DAP-1513,3,D-LINK,2015/3/11
DIR-825,3,D-Link,2015/3/11
TG862,3,ARRIS ,2015/3/11
Wireless Router,3,D-LINK,2015/3/11
VMDG485,3,Netgear,2015/3/11
wnr2000v4,3,NETGEAR,2015/3/11
DGN2200v3,3,NETGEAR,2015/3/11
DG1670A,3,ARRIS,2015/3/11
Wireless Broadband Router,3,D-Link Corporation,2015/3/11
T1200H,3,Actiontec,2015/3/11
TC8305C,3,Technicolor,2015/3/11
WNDR3700v2,3,NETGEAR. Inc.,2015/3/11
WAP54GP,3,LINKSYS,2015/3/11
WNDR3400,3,NETGEAR,2015/3/11
B90-755044-15,3,NETGEAR. Inc.,2015/3/11
WNDR3700,3,NETGEAR. Inc.,2015/3/11
WNR1000v2,3,NETGEAR. Inc.,2015/3/11
BEFW11S4 V4,3,LINKSYS,2015/3/11
TG852G,3,ARRIS ,2015/3/11
TG1672G,3,ARRIS,2015/3/11
TG862G,3,ARRIS ,2015/3/11
TG789vn,3,THOMSON,2015/3/11
E1200,3,LINKSYS,2015/3/11
DCS-930LB1,1,D-Link,2015/3/11
RT-AC87U,3,ASUSTeK Computer Inc.,2015/3/11
R8000,3,NETGEAR. Inc.,2015/3/11
E4200,3,LINKSYS,2015/3/11
DIR-645,3,D-Link,2015/3/11
RT-N12,3,ASUSTeK Computer Inc.,2015/3/11
WN1000RP,3,NETGEAR,2015/3/11
GT704WG,3,Actiontec,2015/3/11
DIR-850L,3,D-Link Corporation,2015/3/11
WNR2000v2,3,NETGEAR,2015/3/11
TL-WDR3600,3,TP-LINK,2015/3/11
SAGEM_LB_IGD,3,Sagem,2015/3/11
TL-WR700N,3,TP-LINK,2015/3/11
R6700,3,NETGEAR,2015/3/11
WNDR4000,3,NETGEAR. Inc.,2015/3/11
TG788vn v2,3,Technicolor,2015/3/11
RT-AC66R,3,ASUSTeK Computer Inc.,2015/3/11
Sagemcom5250_Bell,3,Sagemcom,2015/3/11
RT-AC66U,3,ASUSTeK Computer Inc.,2015/3/11
EA4500,3,Cisco Systems. Inc.,2015/3/11
R6200v2,3,NETGEAR. Inc.,2015/3/11
R6100,3,NETGEAR. Inc.,2015/3/11
v3,3,Technicolor,2015/3/11
RT-N66W,3,ASUSTeK Computer Inc.,2015/3/11
RT-N65U,3,ASUSTeK Computer Inc.,2015/3/11
WAP200,3,LINKSYS,2015/3/11
B90-755025-15,3,NETGEAR,2015/3/11
CG3000v2,3,Netgear,2015/3/11
EBR-2310,3,D-Link,2015/3/11
WN2000RPTv2,3,NTGEAR,2015/3/11
Wireless,3,Belkin International,2015/3/11
DGN2200v4,3,NETGEAR,2015/3/11
Sagem_IGD_WAN,3,Sagem,2015/3/11
E1000,3,LINKSYS,2015/3/11
WNDR3700v3,3,NETGEAR,2015/3/11
WAP54G,3,LINKSYS,2015/3/11
F@ST1704,3,Sagem,2015/3/11
WN3500RP,3,NETGEAR,2015/3/11
BiPAC 7800VDPX,3,Billion Electric Co.. Ltd.,2015/3/11
WNDR4500v2,3,NETGEAR,2015/3/11
Actiontec_IGD,3,Actiontec Electronics INC.,2015/3/11
SMC8014WG,3,SMC Networks,2015/3/11
DIR-860L,3,D-LINK,2015/3/11
E1500,3,LINKSYS,2015/3/11
WNR2000v4,3,NETGEAR. Inc.,2015/3/11
DGND3700,3,NETGEAR,2015/3/11
RT-N56U,3,ASUSTeK Computer Inc.,2015/3/11
WNR3500L,3,NETGEAR. Inc.,2015/3/11
WNDR3700v4,3,NETGEAR. Inc.,2015/3/11
DIR-810L,3,D-Link Corporation,2015/3/11
DIR-865L,3,D-Link,2015/3/11
WNR2000v5,3,NETGEAR. Inc.,2015/3/11
Maxtor Shared Storage Plus,2,Maxtor,2015/3/11
MBR1210,3,NETGEAR. Inc.,2015/3/11
RT-N16,3,ASUSTeK Computer Inc.,2015/3/11
RP-AC52,3,ASUS,2015/3/11
EX6100,3,NETGEAR. Inc.,2015/3/11
WNR2200,3,NETGEAR. Inc.,2015/3/11
R6250,3,NETGEAR,2015/3/11
EA3500,3,Cisco Systems. Inc.,2015/3/11
RT-N53,3,ASUSTeK Computer Inc.,2015/3/11
DIR-836L,3,D-Link Corporation,2015/3/11
ReadyNAS,2,NETGEAR,2015/3/11
WAG120N ,3,LINKSYS,2015/3/11
WRT54GS2,3,Linksys Inc.,2015/3/11
E1550,3,LINKSYS,2015/3/11
FRITZ!Box Fon WLAN 7390,3,AVM Berlin,2015/3/11
AC750,3,Belkin International,2015/3/11
DSL2750U,3,D-Link,2015/3/11
WZR-600DHP,3,BUFFALO INC.,2015/3/11
WRT120N,3,Linksys Inc.,2015/3/11
AC900,3,Belkin International,2015/3/11
WNR3500Lv2,3,NETGEAR. Inc.,2015/3/11
DAP-1360,3,D-Link Corporation,2015/3/11
WNDR4500,3,NETGEAR,2015/3/11
DAP-1522,3,D-LINK,2015/3/11
DGND3700v2,3,NETGEAR,2015/3/11
T2200H,3,Actiontec,2015/3/11
SagemcomFast4350_Bell,3,Sagemcom,2015/3/11
JNR3210,3,NETGEAR,2015/3/11
WNR2500,3,NETGEAR. Inc.,2015/3/11
WNR3500v2,3,NETGEAR,2015/3/11
CG3000,3,Netgear,2015/3/11
FI9821P,1,FOSCAM,2015/3/11
FI9804W,1,FOSCAM,2015/3/11
BEFSR41,3,LINKSYS,2015/3/11
N450DB,3,Belkin International,2015/3/11
CG3000D,3,Netgear,2015/3/11
HG658,3,Huawei Technologies Co.. Ltd.,2015/3/11
WPN824N,3,NETGEAR. Inc.,2015/3/11
DIR-625,3,D-Link Systems. Inc.,2015/3/11
E2100L,3,LINKSYS,2015/3/11
DIR-855,3,D-Link Systems,2015/3/11
SBG6782,3,Motorola Corporation,2015/3/11
C3700-100NAS,3,NETGEAR,2015/3/11
WNDR3300,3,NETGEAR,2015/3/11
DIR-868L,3,D-Link Corporation,2015/3/11
DGN1000 ,3,NETGEAR,2015/3/11
HG530,3,Huawei,2015/3/11
WN2000RPTv3,3,NETGEAR,2015/3/11
WDMyCloudEX2,2,Western Digital Corporation,2015/3/11
5352,3,Zoom Telephonics. Inc.,2015/3/11
WAG160N ,3,LINKSYS,2015/3/11
DG950A,3,Arris Interactive. L.L.C.,2015/3/11
wnr2000v3,3,NTGR,2015/3/11
DGN2200,3,NETGEAR,2015/3/11
N300,3,Belkin International,2015/3/11
WNR3500,3,NETGEAR,2015/3/11
MWN-WAPR300N,3,Medialink Products. LLC.,2015/3/11
SagemCom Fast3965b,3,Bouygues Telecom,2015/3/11
DIR-600L,3,D-Link Systems,2015/3/11
DIR-619L,3,D-Link Corporation,2015/3/11
N750DB,3,Belkin International,2015/3/11
WAP4410N,3,Cisco Small Business,2015/3/11
5012NV,3,2Wire Inc.,2015/3/11
DIR-635,3,D-Link Systems,2015/3/11
wnr1000v2,3,NTGR,2015/3/11
EX2700,3,NETGEAR,2015/3/11
GT784WN,3,Actiontec,2015/3/11
DIR-605,3,D-LINK,2015/3/11
DIR-636L,3,D-Link Corporation,2015/3/11
N150,3,Belkin International,2015/3/11
RT-AC68P,3,ASUSTeK Computer Inc.,2015/3/11
WNR834Bv2,3,NETGEAR,2015/3/11
R4500,3,NETGEAR,2015/3/11
WRT54G,3,Linksys Inc.,2015/3/15
DPC3941,3,Cisco,2015/3/15
DAP-1525,3,D-Link,2015/3/15
DIR-320,3,D-Link,2015/3/15
DI-604UP,3,D-Link Systems. Inc.,2015/3/15
DHP-W306AV,3,D-Link,2015/3/15
MBR1516,3,NETGEAR. Inc.,2015/3/15
MyNetN750,3,Western Digital Corporation,2015/3/15
DAP-1155,3,D-Link Corporation,2015/3/15
DIR-820L,3,D-Link,2015/3/15
DSL-N55U,3,ASUSTeK Computer Inc.,2015/3/15
DSL-G31,3,ASUS,2015/3/15
D6300,3,NETGEAR,2015/3/15
DIR-855L,3,D-Link Corporation,2015/3/15
TL-WR841N,3,TP-LINK,2015/3/15
AC1450,3,NETGEAR,2015/3/15
N600DB,3,Belkin International,2015/3/15
RT-AC56R,3,ASUSTeK Computer Inc.,2015/3/15
AC1000,3,Belkin International,2015/3/15
MyBookLive,2,Western Digital Corporation,2015/3/15
DCS-933L,1,D-Link,2015/3/15
WBR-2310,3,D-LINK,2015/3/15
WCR-HP-G300,3,BUFFALO INC.,2015/3/15
L7-N-R2000,3,L7 Networks,2015/3/15
RT-AC56U,3,ASUSTeK Computer Inc.,2015/3/15
TWC,3,NETGEAR. Inc.,2015/3/12
TG852,3,ARRIS ,2015/3/12
DG834Gv5,3,NETGEAR,2015/3/12
HG531 V1,3,Huawei Technologies Co..Ltd.,2015/3/12
D6200,3,NETGEAR,2015/3/12
DGND3300 ,3,NETGEAR,2015/3/12
DIR-100,3,D-Link Systems. Inc.,2015/3/12
WR2100,3,ARRIS Group. Inc.,2015/3/12
FI9821W V2.1,1,FOSCAM,2015/3/12
DG834GT ,3,NETGEAR,2015/3/12
DI-524,3,D-Link,2015/3/12
FI9821W V2,1,FOSCAM,2015/3/12
RT-AC56U-A0A0,3,ASUSTeK Computer Inc.,2015/3/12
DCS-700L,1,D-Link,2015/3/12
EPG600,3,EnGenius Technologies. Inc.,2015/3/12
DCS-5020L,1,D-Link,2015/3/12
wnr2200,3,NETGEAR,2015/3/12
WAP4400N,3,LINKSYS,2015/3/12
DSL-2750U,3,D-Link,2015/3/12
WGR614v8,3,NETGEAR. Inc.,2015/3/12
SagemcomFast3965_LB2.8,3,Sagemcom,2015/3/12
WGT624v4,3,NETGEAR. Inc.,2015/3/13
WNR1500 ,3,NETGEAR,2015/3/13
AC1800,3,Belkin International,2015/3/13
DIR-628,3,D-Link Systems,2015/3/13
C6300,3,NETGEAR,2015/3/13
TL-WDR3500,3,TP-LINK,2015/3/13
X3000,3,Cisco,2015/3/13
WAG320N ,3,LINKSYS,2015/3/13
DSL-AC68U,3,ASUSTeK Computer Inc.,2015/3/13
P-873HNUP-51B,3,ZyXEL,2015/3/13
VFG6005,3,ZYUS,2015/3/13
DIR-300,3,D-LINK,2015/3/13
WDMyCloudEX4,2,Western Digital Corporation,2015/3/13
RT-N14U,3,ASUSTeK Computer Inc.,2015/3/13
5350,3,Metalligence Technology Corp,2015/3/13
RT-N10P,3,ASUSTeK Computer Inc.,2015/3/13
DAP-1650,3,D-Link,2015/3/13
RT-N11,3,ASUS,2015/3/13
RP-N53,3,ASUS,2015/3/13
DGN3500 ,3,NETGEAR,2015/3/13
DIR-657,3,D-Link Corporation,2015/3/13
WGR614V9,3,NETGEAR. Inc.,2015/3/14
My Book World Edition,2,Western Digital Corporation,2015/3/14
F2250,3,Actiontec,2015/3/14
FI9831W,1,FOSCAM,2015/3/14
DCS-931L,1,D-Link,2015/3/14
DCS-2132L,1,D-Link Corporation,2015/3/14
Sagem_IGD,3,Sagem,2015/3/14
RT-N10+,3,ASUS,2015/3/14
TG1662G,3,ARRIS,2015/3/14
DCS-5010L,1,D-Link,2015/3/14
DSL-2750B,3,D-LINK,2015/3/14
DCS-942L,1,D-Link,2015/3/14
WRT54GH,3,Linksys Inc.,2015/3/14
VFG6005N,3,ZYUS,2015/3/14
WF2411,3,WF2411 Corp,2015/3/14
DCS-5222L,1,D-Link,2015/3/14
WRT160N,3,Linksys Inc.,2015/3/15
WRT54GS,3,Linksys Inc.,2015/3/15
WRT1900AC,3,Linksys. LLC,2015/3/15
DPC3939,3,Cisco,2015/3/15
EPC3925,3,Cisco,2015/3/15
C1000A,3,Actiontec,2015/3/15
PK5001Z,3,ZyXEL,2015/3/15
V1000H,3,Actiontec,2015/3/15
WRT54G2,3,Linksys Inc.,2015/3/15
WRT310N,3,Linksys Inc.,2015/3/15
DSL-2640B,3,D-LINK,2015/3/15
F@ST2504n,3,Sagemcom,2015/3/16
TL-WR720N,3,TP-LINK,2015/3/16
WN3000RPv3,3,NETGEAR,2015/3/16
DCS-5222LB1,1,D-Link Corporation,2015/3/16
TL-MR3420,3,TP-LINK,2015/3/16
TD-VG3631,3,TP-LINK,2015/3/16
SR550n,3,SmartRG,2015/3/16
P-870HN-51b,3,ZyXEL Communication Crop.,2015/3/16
DIR-857,3,D-LINK,2015/3/16
DIR-827,3,D-LINK,2015/3/16
DIR-835,3,D-LINK,2015/3/16
PR2000,3,NETGEAR,2015/3/16
WDMyCloud,2,Western Digital Corporation,2015/3/16
DGN2200M,3,NETGEAR,2015/3/16
WAP300N,3,Linksys LLC,2015/3/17
DIR-652,3,D-LINK,2015/3/17
WNDR4700,3,NETGEAR,2015/3/17
P-2812HNU-F3,3,ZyXEL,2015/3/17
XAVN2001v2,3,NETGEAR. INC.,2015/3/17
DIR-820,3,D-LINK,2015/3/17
U10C022,3,Ambit,2015/3/17
RT-N10,3,ASUS,2015/3/17
MVBR1210C,3,NETGEAR,2015/3/17
DGN2000 ,3,NETGEAR,2015/3/17
WRT150N,3,Linksys Inc.,2015/3/17
DHP-1320,3,D-LINK,2015/3/17
AMG1302-T10A,3,ZyXEL Communications Corp.,2015/3/18
TL-WR710N,3,TP-LINK,2015/3/18
TL-WR1043,3,TP-LINK,2015/3/18
EchoLife HG532,3,Huawei Technologies Co.. Ltd.,2015/3/18
DIR-845L,3,D-LINK,2015/3/18
DCS-920,1,D-Link,2015/3/18
FI9805W,1,FOSCAM,2015/3/18
ESR900,3,EnGenius Technologies. Inc.,2015/3/18
TL-WPA281,3,TP-LINK,2015/3/18
WRK54G,3,LINKSYS,2015/3/18
TG582n,3,TECHNICOLOR,2015/3/18
CY-SWR1100,3,D-LINK,2015/3/19
WZR-HP-AG300H,3,DD-WRT,2015/3/19
W368R,3,Tenda Wireless-N Router,2015/3/19
JWNR2000v2 ,3,NETGEAR,2015/3/19
TL-WR843ND,3,TP-LINK,2015/3/19
ESR350,3,EnGenius Technologies. Inc.,2015/3/19
DIR-610,3,D-LINK,2015/3/19
WBMR-HP-G300H,3,BUFFALO INC.,2015/3/19
WAP3205,3,ZyXEL Communications Corp.,2015/3/20
WZR-1750DHP,3,BUFFALO INC.,2015/3/20
MBRN3000,3,NETGEAR,2015/3/20
AC1200,3,BELKIN,2015/3/20
WF-2409,3,NETIS,2015/3/20
TL-WR842ND,3,TP-LINK,2015/3/20
RT-AC52U,3,ASUSTeK Computer Inc.,2015/3/20
AMG1202-T10A,3,ZyXEL Communications Corp.,2015/3/20
WZR-HP-G302H,3,BUFFALO INC.,2015/3/20
RP614v4,3,Netgear,2015/3/20
WNDRMAC,3,NETGEAR,2015/3/20
WHR-HP-GN,3,BUFFALO INC.,2015/3/20
TL-WR741N,3,TP-LINK,2015/3/20
TG788A1vn,3,TECHNICOLOR,2015/3/20
WRT54GL,3,Linksys by Cisco,2015/3/20
TG797n v3,3,TECHNICOLOR,2015/3/20
TL-WR941N,3,TP-LINK,2015/3/20
PK5001A,3,Actiontec,2015/3/20
HG532e,3,Huawei Technologies Co.. Ltd.,2015/3/20
V2000H,3,Actiontec,2015/3/20
TG587n v3,3,TECHNICOLOR,2015/3/20
GT784WNV,3,Actiontec,2015/3/20
TD-W8951ND,3,TP-LINK,2015/3/20
TEW-731BR,3,TRENDNET,2015/3/20
TEW-633GR,3,TRENDNET,2015/3/20
TD-W8151N,3,TP-LINK,2015/3/20
TD-W8961ND,3,TP-LINK,2015/3/20
A90-9100EM15-10,3,WESTELL,2015/3/20
A90-750022-07,3,WESTELL,2015/3/20
DPC3939B,3,Cisco Systems. Inc.,2015/3/20
EPC3928,3,Cisco,2015/3/20
TG799vn v2,3,TECHNICOLOR,2015/3/20
TG797n,3,TECHNICOLOR,2015/3/20
TG799vn,3,TECHNICOLOR,2015/3/20
TG799,3,TECHNICOLOR,2015/3/20
TG587n,3,TECHNICOLOR,2015/3/20
TL-WR740N,3,TP-LINK,2015/3/19
ZXV10 W300,3,ZTE,2015/3/19
TD-W8968,3,TP-LINK,2015/3/19
TD854W,3,TP-LINK,2015/3/19
PK5000,3,Actiontec Electronics. Inc.,2015/3/19
EPC3928AD,3,Cisco,2015/3/19
TG788vn,3,TECHNICOLOR,2015/3/18
DIR-514,3,D-LINK,2015/3/18
TEW-639GR,3,TRENDNET,2015/3/18
TD-W8961N,3,TP-LINK,2015/3/18
ZXHN H108N V2.3,3,ZTE,2015/3/17
TEW-812DRU,3,TRENDNET,2015/3/16
TD-W8960N,3,TP-LINK,2015/3/16
N450,3,BELKIN,2015/3/16
Linksys,3,LINKSYS,2015/3/15
TEW-711BR,3,TRENDNET,2015/3/14
EA6100,3,Linksys. LLC,2015/3/14
F90-610025-06,3,WESTELL,2015/3/14
A90-9100EM15-10C,3,WESTELL,2015/3/14
TEW-652BRP,3,TRENDNET,2015/3/14
DPC3925,3,Cisco,2015/3/14
TEW-637AP,3,TRENDNET,2015/3/13
TD-W8901G,3,TP-LINK,2015/3/13
TD-W8901N,3,TP-LINK,2015/3/11
TEW-432BRP,3,TRENDNET,2015/3/11
TEW-651BR,3,TRENDNET,2015/3/11
TEW-638APB,3,TRENDNET,2015/3/11
TL-WR2543ND,3,TP-LINK,2015-03-21
RP-N14,3,ASUS,2015-03-21
WL-500gP V2,3,ASUS,2015-03-21
RT-N10U,3,ASUSTeK Computer Inc.,2015-03-21
WZR2-G300N,3,BUFFALO INC.,2015-03-21
WRT600N,3,LINKSYS,2015-03-21
DG834G,3,NETGEAR,2015-03-21
DG834PN ,3,NETGEAR,2015-03-21
TG589Bvn,3,TECHNICOLOR,2015-03-21
SBG6580,3,Motorola Corporation,2015-03-21
WRT610N,3,Linksys. A Division of Cisco,2015-03-21
DDW365,3,Ubee,2015-03-21
TG784n,3,TECHNICOLOR,2015-03-21
SR102,3,Sky Hub,2015-03-21
CG3100D-2,3,NETGEAR,2015-03-21
SMC8014WN,3,SMC Networks,2015-03-21
SMCD3GNV,3,SMC,2015-03-21
C1000Z,3,ZyXEL,2015-03-21
Q1000,3,Actiontec,2015-03-21
CG3101D,3,NETGEAR,2015-03-21
DVW3201B,3,Ubee,2015-03-21
SR101,3,Sky WiFi Hub,2015-03-21
TG784,3,THOMSON,2015-03-21
CG3100,3,NETGEAR,2015-03-21
DDW3611,3,Ubee,2015-03-21
Q1000Z,3,ZyXEL,2015-03-22
N150R,3,NETGEAR,2015-03-22
RT-N12HP,3,ASUSTeK Computer Inc.,2015-03-22
TEW-632BRP,3,TRENDNET,2015-03-22
DIR-626L,3,D-LINK,2015-03-22
DVW326,3,Ubee,2015-03-22
RT-AC87R,3,ASUSTeK Computer Inc.,2015-03-22
EMG2926,3,ZyXEL Communications Corp.,2015-03-22
DSL-2640U,3,D-LINK,2015-03-22
C2000T,3,Technicolor,2015-03-21
WNR1000v2-VC,3,NETGEAR,2015-03-21
DSL-N10,3,ASUS,2015-03-21
RT-N10E,3,ASUS,2015-03-21
AR-5381u,3,Comtrend,2015-03-22
CT-5374,3,Comtrend,2015-03-22
RT-N12E,3,ASUS,2015-03-22
TG585 v7,3,THOMSON,2015-03-22
F@ST4320,3,Sagem,2015-03-22
HG532s,3,Huawei Technologies Co.. Ltd.,2015-03-22
HG635,3,Huawei Technologies Co.. Ltd.,2015-03-22
TG712,3,THOMSON,2015-03-22
RT-N66R,3,ASUSTeK Computer Inc.,2015-03-22
NBG-417N,3,ZYXEL,2015-03-22
DCS-900,1,D-Link,2015-03-23
RT-N18U,3,ASUSTeK Computer Inc.,2015-03-23
WNR834B,3,NETGEAR,2015-03-23
WS322,3,Huawei Technologies Co.. Ltd.,2015-03-23
NL-3100u,3,Comtrend,2015-03-23
XWR100,3,VIZIO,2015-03-23
DG834Nv2,3,NETGEAR,2015-03-24
DIR-505,3,D-LINK,2015-03-24
DDW366,3,Ubee,2015-03-24
WNR1000v4,3,NETGEAR,2015-03-24
DAP-1160,3,D-LINK,2015-03-24
F@ST4310,3,Sagemcom,2015-03-24
WRTP54G,3,Linksys,2015-03-25
C2000A-D0,3,Actiontec,2015-03-24
TG790,3,TECHNICOLOR,2015-03-24
C2000A,3,Actiontec,2015-03-24
HG630b,3,Huawei Technologies Co.. Ltd.,2015-03-24
HG533,3,Huawei Technologies Co.. Ltd.,2015-03-24
TG589vn,3,TECHNICOLOR,2015-03-24
ZXV10 W300D,3,ZTE,2015-03-26
TEW-732,3,TRENDNET,2015-03-26
WHR-HP-G54,3,BUFFALO INC.,2015-03-26
WBR-2200,3,D-LINK,2015-03-26
F@ST3864V2,3,Sagemcom,2015-03-26
C3000-100NAS,3,NETGEAR,2015-03-26
C1000A-D0,3,Actiontec,2015-03-26
DIR-905L,3,D-LINK,2015-03-26
DGL-5500A1,3,D-LINK,2015-03-26
HG659,3,Huawei Technologies Co.. Ltd.,2015-03-26
TG703,3,TECHNICOLOR,2015-03-26
HG523a,3,Huawei Technologies Co.. Ltd.,2015-03-26
WHR-G301N,3,BUFFALO INC.,2015-03-27
CR5000,3,CLOUDCOMMAND,2015-03-27
PR-S300NE,3,NTTEAST/NTTWEST,2015-03-27
WHR-1166DHP,3,BUFFALO INC.,2015-03-27
N300RA,3,TOTOLINK,2015-03-27
WZR-450HP,3,BUFFALO INC.,2015-03-27
RV-230SE,3,NTTEAST,2015-03-27
TD-8817,3,TP-LINK,2015-03-28
WRTSL54GS,3,Linksys Inc.,2015-03-28
TEW-692GR,3,TRENDNET,2015-03-28
WHR-300HP2,3,BUFFALO INC.,2015-03-28
A90-750018-07,3,WESTELL,2015-03-28
WRT300N V1.1,3,Linksys Inc.,2015-03-28
CG3100D,3,NETGEAR,2015-03-28
WBMR-HP-GN,3,BUFFALO INC.,2015-03-29
DG834GT,3,NETGEAR,2015-03-29
DGN1000,3,NETGEAR,2015-03-29
DIR-850,3,D-LINK,2015-03-29
DGND3300,3,NETGEAR,2015-03-29
WAG120N,3,LINKSYS,2015-03-27
DIR-862L,3,D-LINK,2015-03-27
RNX-N300RT,3,Rosewill,2015-03-27
AMG1202-T10B,3,ZyXEL Communications Corp.,2015-03-27
WAP561,3,Cisco Small Business,2015-03-27
E900,3,LINKSYS,2015-03-30
TC8717C,3,Technicolor,2015-03-30
DG1660A,3,ARRIS,2015-03-30
R7500,3,NETGEAR,2015-03-30
TEW-452BRP,3,TRENDnet,2015-03-30
IP8331,1,VIVOTEK,2015-03-30
FD8166,1,VIVOTEK,2015-03-30
EA6200,3,Linksys LLC,2015-03-05
TG233,3,TECHNICOLOR,2015-03-05
MWN-WAPR150N,3,Medialink Wireless-N Broadband Router,2015-03-05
DIR-524,3,D-LINK,2015-03-05
TEW-751DR,3,TRENDNET,2015-03-05
TEW-654TR,3,TRENDNET,2015-03-06
WHR-G54S,3,BUFFALO INC.,2015-03-06
ZXDSL 931VII,3,ZTE,2015-03-06
NBG-418N,3,ZYXEL,2015-03-07
TEW-733GR,3,TRENDNET,2015-03-07
RTA1025W,3,Dynalink,2015-03-07
WNR1500,3,NETGEAR,2015-03-07
WL-520GU,3,ASUS,2015-03-07
WN3000RPv2,3,NETGEAR,2015-03-07
RT-N13U,3,ASUS,2015-03-07
WAPS-APG600H,3,BUFFALO INC.,2015-03-07
N66U,3,ASUS,2015-03-07
DGN3500,3,NETGEAR,2015-03-07
WRT300N,3,LINKSYS,2015-03-07
WRT54GP2,3,LINKSYS,2015-03-08
JWNR2000v2,3,NETGEAR,2015-03-08
TEW-658BRM,3,TRENDNET,2015-03-08
WRT54G-RG,3,Linksys Inc.,2015-03-08
DAP-1665,3,D-LINK,2015-03-08
WCR-300S,3,BUFFALO INC.,2015-03-09
NBG6616,3,ZyXEL Communications Corp.,2015-03-09
RT-N14UHP,3,ASUSTeK Computer Inc.,2015-03-09
WNR2000,3,NTGR,2015-03-09
TEW-690AP,3,TRENDNET,2015-03-09
DAP-3520,3,D-LINK,2015-03-09
DDW2600,3,Ambit,2015-03-09
DGND4000,3,NETGEAR,2015-04-01
BRC70n,3,Sapido,2015-04-01
DGN2000,3,NETGEAR,2015-04-01
TG787,3,THOMSON,2015-04-01
WAG320N,3,LINKSYS,2015-04-01
WAP11,3,LINKSYS,2015-04-01
DHP-1565,3,D-LINK,2015-04-01
WRT54G-TM,3,Linksys Inc.,2015-04-01
VMDG490,3,Netgear,2015-04-01
VMDG480,3,NETGEAR,2015-04-01
N600,3,BELKIN,2015-04-01
HG532n,3,Huawei Technologies Co.. Ltd.,2015-04-01
HG655d,3,Huawei Technologies Co.. Ltd.,2015-04-01
EPC3825,3,Cisco,2015-04-01
TG799vac,3,TECHNICOLOR,2015-04-01
FD8361,1,VIVOTEK,2015-03-10
WAG160N,3,LINKSYS,2015-03-10
WN-G300GR,3,I-O DATA DEVICE. INC.,2015-03-10
RV-S340SE,3,NTTEAST/NTTWEST,2015-03-10
WZR-D1100H,3,BUFFALO INC.,2015-03-10
DPC3828,3,Cisco,2015-03-10
WR8370N,3,NEC Corporation/NEC AccessTechnica.Ltd.,2015-03-10
CG4500BD,3,Netgear,all-in-one
C6250EMR,3,NETGEAR,all-in-one
WNDR3800CH,3,NETGEAR,all-in-one
7800TN R2,3,BEC,all-in-one
NB604N,3,NetComm Wireless Limited,all-in-one
WA3002G4,3,UTStarcom Inc.,all-in-one
WHR-G300N,3,BUFFALO INC.,DRScanner
MZK-1200DHP,3,Planex Communications Inc.,DRScanner
WR8700N,3,NEC Corporation/NEC AccessTechnica.Ltd.,DRScanner
RT-400NE,3,NTTEAST/NTTWEST,DRScanner
BHR-4GRV,3,BUFFALO INC.,DRScanner
RV-230NE,3,NTTEAST,DRScanner
N Plus,3,BELKIN,2015-04-03
DIR-510,3,D-LINK,2015-04-03
RG60SE,3,MSI,2015-04-03
HG256s,3,Huawei Technologies Co.. Ltd.,2015-04-03
MBR1515,3,NETGEAR. Inc.,2015-04-03
F@ST2704R,3,Sagemcom,2015-04-03
DIR-651,3,D-LINK,2015-04-03
DMR-BZT760,1,PANASONIC,DRScanner
DMR-BZT710,1,PANASONIC,DRScanner
VMDG280,3,Netgear,2015-03-24
WNR1000,3,NETGEAR,2015-03-24
WET54G,3,LINKSYS,2015-04-04
TL-WDR4900,3,TP-LINK,2015-04-04
DG834PN,3,NETGEAR,2015-04-04
ESR600,3,EnGenius Technologies. Inc.,2015-04-04
A90-9150V60-10,3,WESTELL,2015-04-04
RT-AC55U,3,ASUSTeK Computer Inc.,2015-04-05
DNS-323,3,D-Link Corporation,2015-04-05
TEW-712BR,3,TRENDNET,2015-04-05
NBG4615,3,ZYXEL,2015-04-05
WRT54G3GV2-ST,3,Linksys Inc.,2015-04-06
SMCWGBR14-N,3,SMC. Inc.,2015-04-06
TEW-631BRP,3,TRENDNET,2015-04-07
TEW-810DR,3,TRENDNET,2015-04-07
SMCD3GN-RRR,3,SMC,2015-03-05
E800,3,CISCO,2015-03-05
F@ST2504,3,Sagem,2015-03-05
HG655b,3,Huawei Technologies Co.. Ltd.,2015-03-05
HG630a,3,Huawei Technologies Co.. Ltd.,2015-03-05
HG552e,3,Huawei Technologies Co.. Ltd.,2015-03-05
HG658c,3,Huawei Technologies Co.. Ltd.,2015-03-05
F@ST5650,3,SAGEMCOM,DRScanner
TEW-MFP1,3,TRENDnet,DRScanner
JNR1010v2,3,NETGEAR,DRScanner
CG3700EMR,3,NETGEAR,DRScanner
F@ST1201T069,3,Sagem,DRScanner
ZXDSL 531B,3,ZTE,DRScanner
F@ST2704N,3,Sagemcom,DRScanner
WNR2020,3,NETGEAR,2015-04-07
TV-IP551W,3,TRENDnet,2015-03-18
DIR-820LW,3,D-Link,2015-03-18
DG834GV4,3,NETGEAR,2015-03-19
TD-W8970,3,TP-LINK,2015-03-17
TL-WA701N,3,TP-LINK,2015-03-17
TL-WR741ND,3,TP-LINK,2015-03-17
TL-WA901ND,3,TP-LINK,2015-03-16
TD-W8950ND,3,TP-LINK,2015-03-16
TD-W8980,3,TP-LINK,2015-03-16
TL-MR3220,3,TP-LINK,2015-03-16
RE4000W,3,Linksys.LLC,2015-03-16
RE3000W,3,Linksys LLC,2015-03-16
TL-WR885N,3,TP-LINK,2015-03-16
RE1000,3,Cisco-Linksys.LLC,2015-03-15
TD864W,3,TP-LINK,2015-03-15
TL-WA830RE,3,TP-LINK,2015-03-15
TL-WA801N,3,TP-LINK,2015-03-15
TL-WR1043N,3,TP-LINK,2015-03-15
8920NE,3,BEC,2015-03-15
TL-MR3020,3,TP-LINK,2015-03-14
TL-WR941ND,3,TP-LINK,2015-03-14
RE2000,3,Linksys.LLC,2015-03-14
TL-WR340G,3,TP-LINK,2015-03-14
TD-8811,3,TP-LINK,2015-03-13
TL-WR702N,3,TP-LINK,2015-03-13
DCS-2136L,1,D-Link Corporation,2015-03-12
DCS-2210,1,D-Link Corporation,2015-03-12
TD-W8950N,3,TP-LINK,2015-03-12
TL-SC3230N,3,TP-LINK,2015-03-12
TD-8840T,3,TP-LINK,2015-03-12
TL-WR842N,3,TP-LINK,2015-03-11
TD-W9970,3,TP-LINK,2015-03-11
TL-WA901N,3,TP-LINK,2015-03-11
TD5130,3,Technicolor,2015-03-11
TL-WR940N,3,TP-LINK,2015-03-09
DIR-130,3,D-LINK,2015-03-09
TL-MR3040,3,TP-LINK,2015-04-08
HG256,3,Huawei Technologies Co.. Ltd.,2015-04-08
HG253s,3,Huawei,2015-04-08
DSL-2740R,3,D-LINK,2015-04-08
DIR-880L,3,D-LINK,2015-04-08
DIR-818LW,3,D-LINK,2015-04-08
DSL-3680,3,D-LINK,2015-04-08
DSL-2680,3,D-LINK,2015-04-08
DCS-932L,1,D-Link,2015-04-08
SpeedTouch 570,3,THOMSON,2015-04-08
F5D8236-4 v3,3,BELKIN,2015-04-08
F6D4230-4 v1,3,BELKIN,2015-04-08
N300DB,3,Belkin International. Inc.,2015-03-08
SpeedTouch 780,3,THOMSON,2015-03-08
F7D4302 v1,3,BELKIN,2015-03-08
DSL-2544N,3,D-LINK,2015-03-08
TL-WPA271,3,TP-LINK,2015-03-07
TG587n v2,3,THOMSON,2015-03-07
F7D4301 v1,3,BELKIN,2015-03-06
DSL-2890AL,3,D-LINK,2015-03-06
SpeedTouch 510,3,THOMSON,2015-03-06
2247-62,3,MOTOROLA,2015-03-06
F5D,3,BELKIN,2015-03-06
DIR-816L,3,D-LINK,2015-03-06
TG782T,3,THOMSON,2015-03-06
FV2200,3,Actiontec,2015-03-06
DSL-2600U,3,D-LINK,2015-03-06
DSL-2740B,3,NB,2015-03-06
3347,3,MOTOROLA,2015-03-06
F9K1102 v1,3,BELKIN,2015-03-06
F6D4630-4 v2,3,BELKIN,2015-03-05
F5D7234-4 v1000,3,BELKIN,2015-04-07
R1000H,3,Actiontec,2015-04-06
F7D1301 v1,3,BELKIN,2015-04-06
F5D8236-4 v2,3,BELKIN,2015-04-06
TD-8816,3,TP-LINK,2015-04-05
EA6400,3,Cisco Systems. Inc.,2015-04-05
DIR-817LW,3,D-LINK,2015-04-04
TG585 v8,3,THOMSON,2015-04-04
DIR-510L,3,D-LINK,2015-04-03
AC1750DB,3,BELKIN,2015-04-03
TL-ER5120,3,TP-LINK,2015-04-03
TG782,3,THOMSON,2015-04-02
TL-R600VPN,3,TP-LINK,2015-04-02
GN-BR01G,3,Gigabyte Technology Co.. Ltd,2015-04-02
E8350,3,LINKSYS,2015-04-02
7647-47,3,MOTOROLA,2015-04-01
F5D7234-4 v3,3,BELKIN,2015-04-01
SpeedTouch 585,3,THOMSON,2015-04-01
F7D3402,3,BELKIN,2015-04-01
SBG6782-AC,3,Motorola Corporation,2015-04-01
F7D2301 v1,3,BELKIN,2015-03-30
F9K1004,3,BELKIN,2015-03-30
DIR-890L,3,D-LINK,2015-03-29
F5D7234-4 v4,3,BELKIN,2015-04-09
F7D3302 v1,3,BELKIN,2015-04-09
TL-WR743ND,3,TP-LINK,2015-04-09
PR-S300SE,3,NTTEAST/NTTWEST,DRScanner
PR-400NE,3,NTTEAST/NTTWEST,DRScanner
RV-440NE,3,NTTEAST/NTTWEST,DRScanner
HG521,3,Huawei Technologies Co.. Ltd.,2015-04-05
B683,3,Huawei Technologies Co.. Ltd.,2015-04-05
WS323,3,Huawei Technologies Co.. Ltd.,2015-04-05
HG658b,3,Huawei Technologies Co.. Ltd.,2015-04-05
NBG4604,3,ZYXEL,2015-04-10
WBR-6011,3,LevelOne,2015-04-10
HG231f,3,Huawei Technologies Co.. Ltd.,2015-04-10
HG253,3,Huawei,2015-04-10
TD-W8101G,3,TP-LINK,2015-04-11
7647-47v2,3,MOTOROLA,2015-04-11
B660,3,Huawei Technologies Co.. Ltd.,2015-04-11
ENHWI-N2,3,ENCORE,2015-04-11
SpeedTouch 5x6,3,THOMSON,2015-04-11
RT-N15U,3,ASUSTeK Computer Inc.,2015-04-11
WS318,3,Huawei Technologies Co.. Ltd.,2015-04-09
B890,3,Huawei Technologies Co.. Ltd.,2015-04-09
HG520b,3,Huawei,2015-04-09
ZXHN H298N,3,ZTE,2015-04-08
ZXHN H108L,3,ZTE,2015-04-08
F660,3,ZTE,2015-04-08
ZXV10 H108L,3,ZTE Corporation,2015-04-08
H108N,3,ZTE,2015-04-08
FR1000Z,3,ZyXEL,2015-04-07
ZXDSL 931VII V3.0,3,ZTE,2015-04-07
ZXV10 H201L,3,ZTE,2015-04-06
P-660N-T1A,3,ZyXEL Communications Corp.,2015-04-06
P-660HN-51,3,ZyXEL,2015-04-06
VMG4381-B10A,3,ZyXEL,2015-04-06
VMG3312-B10A,3,ZyXEL,2015-04-06
B183,3,Huawei Technologies Co.. Ltd.,2015-04-06
VMG8324-B10A,3,ZyXEL,2015-04-06
P-2812HNU-F1,3,ZyXEL,2015-04-05
ZXV10 W300S,3,ZTE,2015-04-05
VSG1432-B101,3,ZyXEL,2015-04-05
VMG3312-B10B,3,ZyXEL,2015-04-05
VMG1312-B10A,3,ZyXEL,2015-04-04
F9K1113 v4,3,BELKIN,2015-04-04
VMG8924-B10A,3,ZyXEL,2015-04-04
ZXHN H168N,3,ZTE Corporation,2015-04-04
B2268S,3,HW,2015-04-04
HG630,3,Huawei Technologies Co.. Ltd.,2015-04-02
HG552d,3,Huawei Technologies Co.. Ltd.,2015-04-02
P8802T2R,3,ZYXEL,2015-04-03
NBG-419N v2,3,ZYXEL,2015-04-03
B190,3,Huawei Technologies Co.. Ltd.,2015-04-03
ZXHN H108N V2.5,3,ZTE,2015-04-03
server,3,NETGEAR,2015-04-06
F5D8232-4 v2000,3,BELKIN,2015-03-28
TG585n v2,3,THOMSON,2015-03-28
HG532f,3,Huawei Technologies Co.. Ltd.,2015-03-28
P-660HN-T1A,3,ZyXEL Communications Corp.,2015-03-28
ADSL,3,NETGEAR,2015-03-28
ZXA10 F66X,3,ZTE,2015-03-27
VMG3326-D20A,3,ZyXEL,2015-03-27
EA6300,3,Linksys LLC,2015-03-27
VMG1312-B10B,3,ZyXEL,2015-04-11
P-2812HNUL-F1,3,ZyXEL,2015-04-11
DCS-2132LB1,1,D-Link Corporation,2015-04-12
B882,3,Huawei Technologies Co.. Ltd.,2015-04-12
DSL-2870B,3,DLink,2015-04-12
Wireless Broadband Router,3,Actiontec,2015-04-01
XWN5001,3,NETGEAR. INC.,2015-04-01
CG3000DV2,3,Netgear,2015-04-01
RT-N65R,3,ASUSTeK Computer Inc.,2015-04-01
Wireless Broadband Router,3,Actiontec,2015-04-02
WGR614,3,Netgear,2015-04-02
WGR614v6,3,Netgear,2015-04-02
WGR614v7,3,Netgear,2015-04-02
WRT54GX,3,Linksys,2015-04-02
WRT54GX4,3,Linksys,2015-04-02
"Wireless Broadband Router",3,Actiontec,2015-04-02,
WRT320N,3,Linksys,2015-04-02,
WRT54GC,3,Linksys,2015-04-01,
WRT110,3,Linksys,2015-04-01,
WRTU54G-TM,3,Linksys,2015-04-01,
WRT330N,3,Linksys,2015-04-03,
WRT400N,3,Linksys,2015-04-03,
DAP-1320,3,D-LINK,2015-04-03,
PR-500KI,3,NTTEAST/NTTWEST,2015-04-04,
WRT54GX2,3,Linksys,2015-04-06,
P-2601HN-F1,3,ZyXEL,2015-04-09,
WRT160NL,3,Linksys,2015-04-10,
NBG-416N,3,ZYXEL,2015-04-13,
Server,3,TECHNICOLOR,2015-04-13,
DIR-400,3,D-LINK,2015-04-13,
5363,3,Zoom Telephonics. Inc.,2015-04-14,
F5D8233-4,3,BELKIN,2015-04-14,
WRT100,3,Linksys,2015-04-14,
WGR614v5,3,Netgear,2015-04-14,
7347-44,3,MOTOROLA,2015-04-14,
DCS-910,1,D-Link,2015-04-14,
Broadband Router,3,Linksys,2015-04-14,
RT-G32,3,Linksys,2015-04-14,
WGT624v3,3,Linksys,2015-04-14,
WG602V3,3,Linksys,2015-04-14,
WPN824v2,3,Linksys,2015-04-14,
EA-N66,3,Linksys,2015-04-14,
WES610N,3,Linksys,2015-04-14,
WET610N,3,Linksys,2015-04-13,
Wireless Access Point,3,Linksys,2015-04-13,
WRP400,3,Linksys,2015-04-13,
Wireless-N Router,3,Tenda,2015-04-16,
CGN3,3,Hitron Technologies,2015-04-16,
WN3000RP,3,NETGEAR,2015-04-16,
WN2500RP,3,NETGEAR,2015-04-16,
EX6200,3,NETGEAR,2015-04-16,
TEW-640MB,3,TRENDnet,2015-04-16,
DIR-600M,3,D-LINK,2015-04-16,
RT-AC56S,3,ASUSTeK Computer Inc.,2015-04-16,
TEW-634GRU,3,TRENDNET,2015-04-16,
RT-N12VP,3,ASUSTeK Computer Inc.,2015-04-16,
BEFSR81,3,LINKSYS,2015-04-16,
JNR3000,3,NETGEAR,2015-04-16,
RT-AC3200,3,ASUSTeK Computer Inc.,2015-04-16,
EMTA42-1,3,SAGEM,2015-04-16,
M1000,3,Actiontec Electronics. Inc.,2015-04-16,
NBG6503,3,ZYXEL,2015-04-16,
VR-3031u,3,Comtrend,2015-04-17,
TEW-691GR,3,TRENDnet,2015-04-17,
B681,3,Huawei Technologies Co.. Ltd.,2015-04-17,
SMCD3GN-RES,3,SMC,2015-04-17,
BEFSR81v3,3,LINKSYS,2015-04-17,
N750,3,BELKIN,2015-04-18,
CVE-30360,3,Hitron Technologies,2015-04-18,
TD-W8951NB,3,TP-LINK,2015-04-18,
WRVS4400N,3,LINKSYS,2015-04-18,
HG659b,3,Huawei Technologies Co.. Ltd.,2015-04-18,
Router,3,NETGEAR,2015-04-18,
WTM652,3,Arris Interactive. L.L.C.,2015-04-18,
WF-2404,3,netis,2015-04-18,
GM684WG,3,Actiontec,2015-04-18,
CGN3-ACR,3,CGN3-ACR,2015-04-18,
PK5000Z,3,ZYXEL,2015-04-19,
HG532c,3,Huawei Technologies Co.. Ltd.,2015-04-19,
AR-5389,3,Comtrend,2015-04-19,
